{
  "project_info": {
    "project_number": "699723637022",
    "firebase_url": "https://todolist-hesna-default-rtdb.firebaseio.com",
    "project_id": "todolist-hesna",
    "storage_bucket": "todolist-hesna.appspot.com"
  },
  "client": [
    {
      "client_info": {
        "mobilesdk_app_id": "1:699723637022:android:a2fd89faaa4552b24d290f",
        "android_client_info": {
          "package_name": "com.example.todolistapp"
        }
      },
      "oauth_client": [
        {
          "client_id": "699723637022-u4fj70qeoiqncskpjq8u91d8lcdq7u4r.apps.googleusercontent.com",
          "client_type": 3
        }
      ],
      "api_key": [
        {
          "current_key": "AIzaSyCJGm_nTR-sARgIPDcHT7C_zbhVOAYePWk"
        }
      ],
      "services": {
        "appinvite_service": {
          "other_platform_oauth_client": [
            {
              "client_id": "699723637022-u4fj70qeoiqncskpjq8u91d8lcdq7u4r.apps.googleusercontent.com",
              "client_type": 3
            }
          ]
        }
      }
    },
    {
      "client_info": {
        "mobilesdk_app_id": "1:699723637022:android:23d7f697dfb1c3984d290f",
        "android_client_info": {
          "package_name": "com.hesnabilgili.todolist"
        }
      },
      "oauth_client": [
        {
          "client_id": "699723637022-u4fj70qeoiqncskpjq8u91d8lcdq7u4r.apps.googleusercontent.com",
          "client_type": 3
        }
      ],
      "api_key": [
        {
          "current_key": "AIzaSyCJGm_nTR-sARgIPDcHT7C_zbhVOAYePWk"
        }
      ],
      "services": {
        "appinvite_service": {
          "other_platform_oauth_client": [
            {
              "client_id": "699723637022-u4fj70qeoiqncskpjq8u91d8lcdq7u4r.apps.googleusercontent.com",
              "client_type": 3
            }
          ]
        }
      }
    }
  ],
  "configuration_version": "1"
}